observation_date,PAYEMS
1985-01-01,96372
1985-02-01,96503
1985-03-01,96842
1985-04-01,97038
1985-05-01,97312
1985-06-01,97459
1985-07-01,97648
1985-08-01,97840
1985-09-01,98045
1985-10-01,98233
1985-11-01,98443
1985-12-01,98609
1986-01-01,98732
1986-02-01,98847
1986-03-01,98934
1986-04-01,99121
1986-05-01,99248
1986-06-01,99155
1986-07-01,99473
1986-08-01,99588
1986-09-01,99934
1986-10-01,100121
1986-11-01,100308
1986-12-01,100509
1987-01-01,100678
1987-02-01,100919
1987-03-01,101164
1987-04-01,101499
1987-05-01,101728
1987-06-01,101900
1987-07-01,102247
1987-08-01,102420
1987-09-01,102647
1987-10-01,103138
1987-11-01,103372
1987-12-01,103661
1988-01-01,103753
1988-02-01,104214
1988-03-01,104489
1988-04-01,104732
1988-05-01,104962
1988-06-01,105326
1988-07-01,105550
1988-08-01,105674
1988-09-01,106013
1988-10-01,106276
1988-11-01,106617
1988-12-01,106898
1989-01-01,107161
1989-02-01,107427
1989-03-01,107621
1989-04-01,107791
1989-05-01,107913
1989-06-01,108027
1989-07-01,108069
1989-08-01,108120
1989-09-01,108369
1989-10-01,108476
1989-11-01,108752
1989-12-01,108836
1990-01-01,109196
1990-02-01,109436
1990-03-01,109640
1990-04-01,109674
1990-05-01,109828
1990-06-01,109850
1990-07-01,109815
1990-08-01,109607
1990-09-01,109522
1990-10-01,109377
1990-11-01,109222
1990-12-01,109168
1991-01-01,109058
1991-02-01,108735
1991-03-01,108568
1991-04-01,108350
1991-05-01,108253
1991-06-01,108330
1991-07-01,108290
1991-08-01,108300
1991-09-01,108335
1991-10-01,108361
1991-11-01,108300
1991-12-01,108330
1992-01-01,108365
1992-02-01,108312
1992-03-01,108367
1992-04-01,108516
1992-05-01,108646
1992-06-01,108706
1992-07-01,108793
1992-08-01,108916
1992-09-01,108951
1992-10-01,109139
1992-11-01,109283
1992-12-01,109502
1993-01-01,109790
1993-02-01,110047
1993-03-01,110004
1993-04-01,110300
1993-05-01,110571
1993-06-01,110742
1993-07-01,111054
1993-08-01,111200
1993-09-01,111448
1993-10-01,111734
1993-11-01,111987
1993-12-01,112325
1994-01-01,112601
1994-02-01,112782
1994-03-01,113245
1994-04-01,113589
1994-05-01,113922
1994-06-01,114239
1994-07-01,114608
1994-08-01,114902
1994-09-01,115246
1994-10-01,115457
1994-11-01,115867
1994-12-01,116174
1995-01-01,116505
1995-02-01,116694
1995-03-01,116908
1995-04-01,117066
1995-05-01,117046
1995-06-01,117291
1995-07-01,117382
1995-08-01,117646
1995-09-01,117873
1995-10-01,118026
1995-11-01,118165
1995-12-01,118325
1996-01-01,118317
1996-02-01,118738
1996-03-01,118992
1996-04-01,119158
1996-05-01,119497
1996-06-01,119770
1996-07-01,120019
1996-08-01,120198
1996-09-01,120400
1996-10-01,120665
1996-11-01,120947
1996-12-01,121143
1997-01-01,121356
1997-02-01,121673
1997-03-01,121991
1997-04-01,122289
1997-05-01,122560
1997-06-01,122816
1997-07-01,123114
1997-08-01,123087
1997-09-01,123575
1997-10-01,123924
1997-11-01,124225
1997-12-01,124549
1998-01-01,124806
1998-02-01,125017
1998-03-01,125165
1998-04-01,125445
1998-05-01,125845
1998-06-01,126076
1998-07-01,126212
1998-08-01,126546
1998-09-01,126744
1998-10-01,126949
1998-11-01,127222
1998-12-01,127595
1999-01-01,127699
1999-02-01,128117
1999-03-01,128234
1999-04-01,128595
1999-05-01,128813
1999-06-01,129084
1999-07-01,129422
1999-08-01,129572
1999-09-01,129771
1999-10-01,130178
1999-11-01,130466
1999-12-01,130783
2000-01-01,131011
2000-02-01,131120
2000-03-01,131604
2000-04-01,131884
2000-05-01,132105
2000-06-01,132063
2000-07-01,132228
2000-08-01,132234
2000-09-01,132337
2000-10-01,132352
2000-11-01,132556
2000-12-01,132716
2001-01-01,132703
2001-02-01,132788
2001-03-01,132751
2001-04-01,132458
2001-05-01,132408
2001-06-01,132300
2001-07-01,132172
2001-08-01,132021
2001-09-01,131763
2001-10-01,131452
2001-11-01,131144
2001-12-01,130983
2002-01-01,130859
2002-02-01,130737
2002-03-01,130722
2002-04-01,130616
2002-05-01,130632
2002-06-01,130674
2002-07-01,130584
2002-08-01,130581
2002-09-01,130502
2002-10-01,130617
2002-11-01,130616
2002-12-01,130465
2003-01-01,130573
2003-02-01,130441
2003-03-01,130235
2003-04-01,130173
2003-05-01,130197
2003-06-01,130186
2003-07-01,130184
2003-08-01,130153
2003-09-01,130252
2003-10-01,130439
2003-11-01,130480
2003-12-01,130589
2004-01-01,130756
2004-02-01,130821
2004-03-01,131140
2004-04-01,131412
2004-05-01,131697
2004-06-01,131794
2004-07-01,131854
2004-08-01,131939
2004-09-01,132089
2004-10-01,132429
2004-11-01,132503
2004-12-01,132630
2005-01-01,132781
2005-02-01,133034
2005-03-01,133154
2005-04-01,133520
2005-05-01,133689
2005-06-01,133948
2005-07-01,134300
2005-08-01,134502
2005-09-01,134552
2005-10-01,134641
2005-11-01,134997
2005-12-01,135159
2006-01-01,135427
2006-02-01,135733
2006-03-01,136038
2006-04-01,136210
2006-05-01,136249
2006-06-01,136337
2006-07-01,136529
2006-08-01,136692
2006-09-01,136826
2006-10-01,136843
2006-11-01,137060
2006-12-01,137249
2007-01-01,137472
2007-02-01,137560
2007-03-01,137784
2007-04-01,137847
2007-05-01,137992
2007-06-01,138070
2007-07-01,138044
2007-08-01,138013
2007-09-01,138099
2007-10-01,138175
2007-11-01,138290
2007-12-01,138395
2008-01-01,138391
2008-02-01,138329
2008-03-01,138259
2008-04-01,138040
2008-05-01,137851
2008-06-01,137700
2008-07-01,137497
2008-08-01,137211
2008-09-01,136760
2008-10-01,136291
2008-11-01,135541
2008-12-01,134847
2009-01-01,134079
2009-02-01,133318
2009-03-01,132494
2009-04-01,131822
2009-05-01,131466
2009-06-01,131008
2009-07-01,130662
2009-08-01,130472
2009-09-01,130246
2009-10-01,130061
2009-11-01,130057
2009-12-01,129808
2010-01-01,129802
2010-02-01,129706
2010-03-01,129866
2010-04-01,130120
2010-05-01,130642
2010-06-01,130510
2010-07-01,130415
2010-08-01,130415
2010-09-01,130341
2010-10-01,130620
2010-11-01,130749
2010-12-01,130830
2011-01-01,130837
2011-02-01,131057
2011-03-01,131283
2011-04-01,131597
2011-05-01,131703
2011-06-01,131931
2011-07-01,131992
2011-08-01,132125
2011-09-01,132344
2011-10-01,132553
2011-11-01,132690
2011-12-01,132888
2012-01-01,133246
2012-02-01,133509
2012-03-01,133748
2012-04-01,133825
2012-05-01,133932
2012-06-01,134013
2012-07-01,134157
2012-08-01,134339
2012-09-01,134517
2012-10-01,134669
2012-11-01,134825
2012-12-01,135074
2013-01-01,135257
2013-02-01,135546
2013-03-01,135689
2013-04-01,135873
2013-05-01,136096
2013-06-01,136279
2013-07-01,136391
2013-08-01,136646
2013-09-01,136821
2013-10-01,137041
2013-11-01,137317
2013-12-01,137372
2014-01-01,137561
2014-02-01,137712
2014-03-01,137985
2014-04-01,138298
2014-05-01,138513
2014-06-01,138849
2014-07-01,139072
2014-08-01,139269
2014-09-01,139563
2014-10-01,139798
2014-11-01,140089
2014-12-01,140364
2015-01-01,140568
2015-02-01,140827
2015-03-01,140923
2015-04-01,141196
2015-05-01,141538
2015-06-01,141709
2015-07-01,141991
2015-08-01,142125
2015-09-01,142275
2015-10-01,142579
2015-11-01,142808
2015-12-01,143077
2016-01-01,143210
2016-02-01,143406
2016-03-01,143662
2016-04-01,143854
2016-05-01,143900
2016-06-01,144147
2016-07-01,144520
2016-08-01,144661
2016-09-01,144967
2016-10-01,145065
2016-11-01,145183
2016-12-01,145408
2017-01-01,145628
2017-02-01,145846
2017-03-01,145970
2017-04-01,146175
2017-05-01,146380
2017-06-01,146583
2017-07-01,146772
2017-08-01,146919
2017-09-01,147008
2017-10-01,147149
2017-11-01,147372
2017-12-01,147523
2018-01-01,147660
2018-02-01,148054
2018-03-01,148280
2018-04-01,148420
2018-05-01,148742
2018-06-01,148960
2018-07-01,149020
2018-08-01,149277
2018-09-01,149358
2018-10-01,149527
2018-11-01,149617
2018-12-01,149809
2019-01-01,150060
2019-02-01,150067
2019-03-01,150295
2019-04-01,150591
2019-05-01,150618
2019-06-01,150838
2019-07-01,150937
2019-08-01,151169
2019-09-01,151365
2019-10-01,151460
2019-11-01,151667
2019-12-01,151794
2020-01-01,152031
2020-02-01,152293
2020-03-01,150895
2020-04-01,130426
2020-05-01,133040
2020-06-01,137671
2020-07-01,139255
2020-08-01,140821
2020-09-01,141770
2020-10-01,142460
2020-11-01,142733
2020-12-01,142548
2021-01-01,142863
2021-02-01,143380
2021-03-01,144232
2021-04-01,144587
2021-05-01,145065
2021-06-01,145820
2021-07-01,146762
2021-08-01,147314
2021-09-01,147771
2021-10-01,148572
2021-11-01,149230
2021-12-01,149816
2022-01-01,150006
2022-02-01,150825
2022-03-01,151315
2022-04-01,151623
2022-05-01,151924
2022-06-01,152358
2022-07-01,153072
2022-08-01,153362
2022-09-01,153582
2022-10-01,153939
2022-11-01,154242
2022-12-01,154342
2023-01-01,154776
2023-02-01,155066
2023-03-01,155134
